----------------------------------------------------------------------------------------------------------------------------------------------------------------
Device: NVIDIA GeForce GTX 1080 | Number: 1
Epochs: 25
Optimizer: SGD
Scheduler: OneCycleLR
Div factor: 100.0
Final div factor: 10000.0
Weight decay: 0.005
Learning rate: 0.0005
Number of the parameters: 8547494
Model: ResNet9_FNO(
  (conv1): FourierLayer(
    (conv1): Conv1d(1, 32, kernel_size=(11,), stride=(1,), padding=(5,))
    (conv_fno1): SpectralConv1d()
  )
  (bn1): BatchNorm1d(32, eps=1e-05, momentum=0.1, affine=True, track_running_stats=True)
  (conv2): FourierLayer(
    (conv1): Conv1d(32, 64, kernel_size=(11,), stride=(1,), padding=(5,))
    (conv_fno1): SpectralConv1d()
  )
  (bn2): BatchNorm1d(64, eps=1e-05, momentum=0.1, affine=True, track_running_stats=True)
  (rb1): ResidualBlock_FNO(
    (fn1): FourierLayer(
      (conv1): Conv1d(64, 64, kernel_size=(11,), stride=(1,), padding=(5,))
      (conv_fno1): SpectralConv1d()
    )
    (fn2): FourierLayer(
      (conv1): Conv1d(64, 64, kernel_size=(11,), stride=(1,), padding=(5,))
      (conv_fno1): SpectralConv1d()
    )
    (bn1): BatchNorm1d(64, eps=1e-05, momentum=0.1, affine=True, track_running_stats=True)
    (bn2): BatchNorm1d(64, eps=1e-05, momentum=0.1, affine=True, track_running_stats=True)
  )
  (conv3): FourierLayer(
    (conv1): Conv1d(64, 96, kernel_size=(11,), stride=(1,), padding=(5,))
    (conv_fno1): SpectralConv1d()
  )
  (bn3): BatchNorm1d(96, eps=1e-05, momentum=0.1, affine=True, track_running_stats=True)
  (conv4): FourierLayer(
    (conv1): Conv1d(96, 128, kernel_size=(11,), stride=(1,), padding=(5,))
    (conv_fno1): SpectralConv1d()
  )
  (bn4): BatchNorm1d(128, eps=1e-05, momentum=0.1, affine=True, track_running_stats=True)
  (rb2): ResidualBlock_FNO(
    (fn1): FourierLayer(
      (conv1): Conv1d(128, 128, kernel_size=(11,), stride=(1,), padding=(5,))
      (conv_fno1): SpectralConv1d()
    )
    (fn2): FourierLayer(
      (conv1): Conv1d(128, 128, kernel_size=(11,), stride=(1,), padding=(5,))
      (conv_fno1): SpectralConv1d()
    )
    (bn1): BatchNorm1d(128, eps=1e-05, momentum=0.1, affine=True, track_running_stats=True)
    (bn2): BatchNorm1d(128, eps=1e-05, momentum=0.1, affine=True, track_running_stats=True)
  )
  (gap): AdaptiveAvgPool1d(output_size=1)
  (fc): Linear(in_features=128, out_features=6, bias=True)
)
----------------------------------------------------------------------------------------------------------------------------------------------------------------
	 | Epoch: 001 | Batch Id: 01000 | ET: 100.79s | lr: 5.79e-06 | Val. Loss: 0.666 |  Val. Acc: 76.73% | B. Val. Loss: 0.666 |  B. Val. Acc: 76.73%
	 | Epoch: 001 | Batch Id: 02000 | ET: 247.31s | lr: 8.15e-06 | Val. Loss: 0.574 |  Val. Acc: 79.82% | B. Val. Loss: 0.574 |  B. Val. Acc: 79.82%
	 | Epoch: 001 | Batch Id: 03000 | ET: 393.88s | lr: 1.21e-05 | Val. Loss: 0.446 |  Val. Acc: 84.51% | B. Val. Loss: 0.446 |  B. Val. Acc: 84.51%
